Model,Phase,Precision,Batch,Prompt,Output,TOPs embedding,TOPs lm_head,TOPs q_proj,TOPs kv_proj,TOPs out_proj,TOPs attention,TOPs mlp,TOPs moe,GBs embedding,GBs lm_head,GBs q_proj,GBs kv_proj,GBs out_proj,GBs mlp,GBs moe,GBs q_activations,GBs kv_activations (absorb)
DeepSeek-V3-0324,prefill,a16w4,1,1024,512,1.89783867392,1.89783867392,6.091337367552,2.611742769152,14.671608283135999,5.256234663936,2.43535970304,47.301590515712,0.46333952,0.46333952,1.4871429120000002,0.637632512,3.5819356160000004,0.594542592,328.284766208,0.05033164800000001,0.0011796480000000002
DeepSeek-V3-0324,decode,a16w4,1,1024,512,0.00185335808,0.00185335808,0.005948571648,0.002550530048,0.014327742463999999,0.006421314816,0.00237828096,0.046192959488,0.46333952,0.46333952,1.4871429120000002,0.637632512,3.5819356160000004,0.594542592,11.547705344,4.9152000000000006e-05,0.0014757120000000001
