Model,Phase,Precision,Batch,Prompt,Output,TOPs embedding,TOPs lm_head,TOPs q_proj,TOPs kv_proj,TOPs out_proj,TOPs attention,TOPs mlp,TOPs moe,GBs embedding,GBs lm_head,GBs q_proj,GBs kv_proj,GBs out_proj,GBs mlp,GBs moe,GBs q_activations,GBs kv_activations
Llama-4-Scout-17B-16E-Instruct-4bit,prefill,a16w4,1,1024,512,2.11862683648,2.11862683648,2.5769803776,1.03079215104,2.5769803776,1.0349445119999998,0.0,24.748675301376,0.5172428800000001,0.5172428800000001,0.6291456000000001,0.25165824000000003,0.6291456000000001,0.0,51.34024704,0.01048576,8.192e-06
Llama-4-Scout-17B-16E-Instruct-4bit,decode,a16w4,1,1024,512,0.00206897152,0.00206897152,0.0025165824,0.00100663296,0.0025165824,0.00142160256,0.0,0.024168628224,0.5172428800000001,0.5172428800000001,0.6291456000000001,0.25165824000000003,0.6291456000000001,0.0,6.041763840000001,1.024e-05,9.22e-06
