Model,Phase,Precision,Batch,Prompt,Output,Embedding TOPs,Lm_head TOPs,Q_proj TOPs,Kv_proj TOPs,Out_proj TOPs,Attention TOPs,Mlp TOPs,Moe TOPs,Embedding GBs,Lm_head GBs,Q_proj GBs,Kv_proj GBs,Out_proj GBs,Mlp GBs,Moe GBs,Q_activations GBs,Kv_activations GBs
Llama-4-Scout-17B-16E-Instruct-4bit,prefill,a16w4,1,1024,512,2.11862683648,2.11862683648,2.5769803776,1.03079215104,2.5769803776,1.0349445119999998,0.0,24.748675301376,0.5172428800000001,0.5172428800000001,0.6291456000000001,0.25165824000000003,0.6291456000000001,0.0,51.34024704,0.5033164800000001,0.00039321600000000005
Llama-4-Scout-17B-16E-Instruct-4bit,decode (once),a16w4,1,1024,512,0.00206897152,0.00206897152,0.0025165824,0.00100663296,0.0025165824,0.00142160256,0.0,0.024168628224,0.5172428800000001,0.5172428800000001,0.6291456000000001,0.25165824000000003,0.6291456000000001,0.0,6.041763840000001,0.0004915200000000001,0.00044256000000000005
