Model,Phase,Precision,Batch,Prompt,Output,TOPs embedding,TOPs lm_head,TOPs q_proj,TOPs kv_proj,TOPs out_proj,TOPs self_attention,TOPs mlp,GBs embedding,GBs lm_head,GBs q_proj,GBs kv_proj,GBs out_proj,GBs mlp,GBs q_activations,GBs kv_activations
Meta-Llama-3.1-405B-4bit,prefill,a16w4,1,1024,512,4.303557230592,4.303557230592,69.269232549888,17.317308137472,69.269232549888,8.692476936192,675.388757901312,1.050673152,1.050673152,16.911433728000002,4.2278584320000006,16.911433728000002,164.88647884800002,0.033554432,1.2288000000000002e-05
Meta-Llama-3.1-405B-4bit,decode,a16w4,1,1024,512,0.004202692608,0.004202692608,0.067645734912,0.016911433728,0.067645734912,0.010619223552,0.659559333888,1.050673152,1.050673152,16.911433728000002,4.2278584320000006,16.911433728000002,164.88647884800002,3.2768e-05,1.3316000000000001e-05
