Model,Phase,Precision,Batch,Prompt,Output,Embedding TOPs,Lm_head TOPs,Q_proj TOPs,Kv_proj TOPs,Out_proj TOPs,Self_attention TOPs,Mlp TOPs,Embedding GBs,Lm_head GBs,Q_proj GBs,Kv_proj GBs,Out_proj GBs,Mlp GBs,Q_activations GBs,Kv_activations GBs
Meta-Llama-3.1-405B-4bit,prefill,a16w4,1,1024,512,4.303557230592,4.303557230592,69.269232549888,17.317308137472,69.269232549888,8.692476936192,675.388757901312,1.050673152,1.050673152,16.911433728000002,4.2278584320000006,16.911433728000002,164.88647884800002,4.2278584320000006,0.001548288
Meta-Llama-3.1-405B-4bit,decode (once),a16w4,1,1024,512,0.004202692608,0.004202692608,0.067645734912,0.016911433728,0.067645734912,0.010619223552,0.659559333888,1.050673152,1.050673152,16.911433728000002,4.2278584320000006,16.911433728000002,164.88647884800002,0.0041287680000000005,0.0016778160000000002
